{"Image synthesis info": {"_type": "image-file", "sha256": "5c9c2ce951122529d6a10436789e3eda73079b1a10b199bed2972a48c117a46c", "size": 36782, "path": "media/images/Image synthesis info_79_5c9c2ce951122529d6a1.png", "format": "png", "width": 640, "height": 480}, "mean": -0.14191760122776031, "std": 0.13342604041099548, "objective": -0.050902366638183594, "objective_mean": -0.050902366638183594, "_timestamp": 1717060960.5036466, "_runtime": 26.8710834980011, "_step": 79, "_wandb": {"runtime": 26}}