{"Image synthesis info": {"_type": "image-file", "sha256": "58423e5e0a12f6952699ea09e61a50e581bd3215c937cb30dab16910928c315a", "size": 82423, "path": "media/images/Image synthesis info_15_58423e5e0a12f6952699.png", "format": "png", "width": 640, "height": 480}, "mean": 1.0, "std": 3.1622776601683795, "objective": -0.09180274333600069, "_timestamp": 1717050071.0543118, "_runtime": 34.74862480163574, "_step": 15, "_wandb": {"runtime": 34}}