{"Image synthesis info": {"_type": "image-file", "sha256": "cdb1d6435b3e7e26137d3b88624a235ee8433fe90ad96cc0bdd330e7199411e5", "size": 68918, "path": "media/images/Image synthesis info_15_cdb1d6435b3e7e26137d.png", "format": "png", "width": 640, "height": 480}, "mean": 1.0, "std": 3.1622776601683795, "objective": -0.07563970327969871, "_timestamp": 1717050315.2316742, "_runtime": 20.78358221054077, "_step": 15, "_wandb": {"runtime": 20}}