{"Image synthesis info": {"_type": "image-file", "sha256": "983eba5c5fd1e35a56626de4b1c600deafdbde9907755fc7bcfa2fde20dd9fd4", "size": 160629, "path": "media/images/Image synthesis info_2_983eba5c5fd1e35a5662.png", "format": "png", "width": 2200, "height": 1200}, "mean": -0.8006415739661022, "std": 1e-07, "objective": -0.5123434464109846, "objective_mean": -1.696401719972489, "_timestamp": 1716412511.2161913, "_runtime": 205.0386233329773, "_step": 2}