{"Image synthesis info": {"_type": "image-file", "sha256": "9182dfb75f3c90161d129ea4f3fabb94f5ea99e50e27923f326a3a8cf82245ba", "size": 37913, "path": "media/images/Image synthesis info_15_9182dfb75f3c90161d12.png", "format": "png", "width": 640, "height": 480}, "mean": -0.14024677872657776, "std": 0.36923977732658386, "objective": -0.5913000106811523, "objective_mean": -0.2261972427368164, "_timestamp": 1716417658.0826557, "_runtime": 38.61175274848938, "_step": 15, "_wandb": {"runtime": 22}}