{"Image synthesis info": {"_type": "image-file", "sha256": "548b4395e523234715bce02239575db152016105cb46a9232400aa595aaf5c0f", "size": 38751, "path": "media/images/Image synthesis info_159_548b4395e523234715bc.png", "format": "png", "width": 640, "height": 480}, "mean": -0.12781450152397156, "std": 0.40594032406806946, "objective": -0.05396747589111328, "_timestamp": 1717057006.1878672, "_runtime": 119.86349821090698, "_step": 159, "objective_mean": -1.2203683853149414, "_wandb": {"runtime": 119}}