{"Image synthesis info": {"_type": "image-file", "sha256": "2866e2236657cde8e307e87dd2850658de1f568dbd64826d97c1f398a83aa001", "size": 37334, "path": "media/images/Image synthesis info_159_2866e2236657cde8e307.png", "format": "png", "width": 640, "height": 480}, "mean": -0.16967301070690155, "std": 0.17899096012115479, "objective": -0.06377315521240234, "_timestamp": 1717059961.1959097, "_runtime": 264.68329763412476, "_step": 159, "objective_mean": -0.025132179260253906, "_wandb": {"runtime": 264}}