{"Image synthesis info": {"_type": "image-file", "sha256": "db7f9d45b4b8365ba26c8211ff6d59413415f4bebbd24d148d12bd4bf1f15cce", "size": 73416, "path": "media/images/Image synthesis info_15_db7f9d45b4b8365ba26c.png", "format": "png", "width": 640, "height": 480}, "mean": 1.0, "std": 3.1622776601683795, "objective": -0.5220203804452273, "_timestamp": 1717054611.5847354, "_runtime": 27.16794443130493, "_step": 15, "_wandb": {"runtime": 26}}