{"Image synthesis info": {"_type": "image-file", "sha256": "b321ad4005f52d76620df9ed76635507b9fad97f7332441d87aa011e17021275", "size": 168796, "path": "media/images/Image synthesis info_0_b321ad4005f52d76620d.png", "format": "png", "width": 2200, "height": 1200}, "mean": 0.16442409184125772, "std": 1e-07, "objective": -0.5123434464109846, "objective_mean": -1.696401719972489, "_timestamp": 1716412232.177121, "_runtime": 79.66666293144226, "_step": 0}