{"Image synthesis info": {"_type": "image-file", "sha256": "e636c469f9ce67a12d1b363678d1ad431a552859970847d067e50b99049d9e33", "size": 68498, "path": "media/images/Image synthesis info_79_e636c469f9ce67a12d1b.png", "format": "png", "width": 640, "height": 480}, "mean": 1.0, "std": 3.0, "objective": -0.011880994353170582, "_timestamp": 1717060247.1705089, "_runtime": 237.92479395866394, "_step": 79, "_wandb": {"runtime": 237}}