{"Image synthesis info": {"_type": "image-file", "sha256": "11e446317eb8045db6bbbb241c0869f3a282831e7273e174abb51b0c76dcdc1a", "size": 195246, "path": "media/images/Image synthesis info_15_11e446317eb8045db6bb.png", "format": "png", "width": 2200, "height": 1200}, "mean": -0.00025313036893366423, "std": 0.33544715745717346, "objective": -0.15621493973621314, "objective_mean": -0.0010159338975381793, "_timestamp": 1716417428.6736784, "_runtime": 295.2106583118439, "_step": 15, "_wandb": {"runtime": 280}}