{"Image synthesis info": {"_type": "image-file", "sha256": "2fec0d8c81b7ba743b6802114cb74cf8e65414a8818247d986f89028ff860d68", "size": 226689, "path": "media/images/Image synthesis info_14_2fec0d8c81b7ba743b68.png", "format": "png", "width": 2200, "height": 1200}, "mean": 0.9141071864349509, "std": 9.997514570944594, "_timestamp": 1716408609.4349198, "_runtime": 269.3720009326935, "_step": 14, "_wandb": {"runtime": 254}}