{"Image synthesis info": {"_type": "image-file", "sha256": "4af4f57514edb650b54d9aecd0593094a797aa06ab881a6b00e357d255056426", "size": 38166, "path": "media/images/Image synthesis info_14_4af4f57514edb650b54d.png", "format": "png", "width": 640, "height": 480}, "mean": 0.08006037771701813, "std": 0.3941138982772827, "objective": -0.017380714416503906, "objective_mean": -0.2261972427368164, "_timestamp": 1716416628.8886933, "_runtime": 37.98530340194702, "_step": 14, "_wandb": {"runtime": 23}}