{"Image synthesis info": {"_type": "image-file", "sha256": "6bb26a3f036eb2dace5ab99226a34b60c5e95e15d76769af52c5498e9ea6dd88", "size": 160177, "path": "media/images/Image synthesis info_11_6bb26a3f036eb2dace5a.png", "format": "png", "width": 2200, "height": 1200}, "mean": -0.8006415739662013, "std": 1e-07, "objective": -0.5123434464109846, "objective_mean": -1.696401719972489, "_timestamp": 1716412106.1153007, "_runtime": 213.41764068603516, "_step": 11}