{"Image synthesis info": {"_type": "image-file", "sha256": "5d944fc4806ea52289ce0ed6016a54643a4e9b6d599ad0c6ecedd641cd3937b7", "size": 169300, "path": "media/images/Image synthesis info_14_5d944fc4806ea52289ce.png", "format": "png", "width": 2200, "height": 1200}, "mean": 0.0006841354514798294, "std": 0.04087343253184767, "objective": -0.007570240453809607, "objective_mean": -0.0001492106959308792, "_timestamp": 1716416215.5434666, "_runtime": 301.99257349967957, "_step": 14, "_wandb": {"runtime": 286}}