{"Image synthesis info": {"_type": "image-file", "sha256": "e4107e5ace8870fcf20ede8e0183581d0f792926da6bced74a9298b120e9ce99", "size": 243194, "path": "media/images/Image synthesis info_14_e4107e5ace8870fcf20e.png", "format": "png", "width": 2200, "height": 1200}, "mean": 0.04629601986680809, "std": 2.2357047560775314, "_timestamp": 1716411539.346045, "_runtime": 267.16498613357544, "_step": 14, "_wandb": {"runtime": 252}}