{"Image synthesis info": {"_type": "image-file", "sha256": "bfdd97d7bd2a20c65f3bedc24d393fbf12cff7b3315ae1f074a80b46dde500c5", "size": 36315, "path": "media/images/Image synthesis info_15_bfdd97d7bd2a20c65f3b.png", "format": "png", "width": 640, "height": 480}, "mean": -0.9682409763336182, "std": 0.02326836809515953, "objective": -3.57454776763916, "objective_mean": -3.5744543075561523, "_timestamp": 1717048397.9736834, "_runtime": 12.173354387283325, "_step": 15, "_wandb": {"runtime": 11}}