{"Image synthesis info": {"_type": "image-file", "sha256": "b27cbe87c4e2534a66cb3fa4775d78a3dc29602dd3ec18152d88971d9e28a9af", "size": 34844, "path": "media/images/Image synthesis info_0_b27cbe87c4e2534a66cb.png", "format": "png", "width": 640, "height": 480}, "mean": 1.0, "std": 3.0, "objective": -2.9427614212036133, "objective_mean": -3.6253862380981445, "_timestamp": 1717060596.402325, "_runtime": 3.330847978591919, "_step": 0}