{"Image synthesis info": {"_type": "image-file", "sha256": "1717ef0d1b5c8de1d2e35fdcdec20a4a35ae64696e38b83fdabeb23126937eb9", "size": 69981, "path": "media/images/Image synthesis info_15_1717ef0d1b5c8de1d2e3.png", "format": "png", "width": 640, "height": 480}, "mean": 0.0, "std": 3.1622776601683795, "objective": -0.0030105981144719074, "_timestamp": 1717049811.4129064, "_runtime": 27.507980346679688, "_step": 15, "_wandb": {"runtime": 27}}