{"Image synthesis info": {"_type": "image-file", "sha256": "8cfc1a8671ffcb86876dad061b716ff2fbe093114c52bc10a481efa6721698f6", "size": 224761, "path": "media/images/Image synthesis info_12_8cfc1a8671ffcb86876d.png", "format": "png", "width": 2200, "height": 1200}, "mean": 0.9248942188571594, "std": 9.997936031557321, "_timestamp": 1716407291.1448936, "_runtime": 231.75717973709106, "_step": 12}