{"Image synthesis info": {"_type": "image-file", "sha256": "89d9fb7f903300b05920c68eb063595f8cc198d98acf981c251c46fdc095e22b", "size": 217840, "path": "media/images/Image synthesis info_0_89d9fb7f903300b05920.png", "format": "png", "width": 2200, "height": 1200}, "mean": 0.16442409184125772, "std": 1.8492977902337444, "objective": -0.5123434464109846, "objective_mean": -1.696401719972489, "_timestamp": 1716415849.8825207, "_runtime": 48.367812633514404, "_step": 0}